<?xml version="1.0" encoding="utf-8"?>
<extension version="3.4" type="plugin" group="system">
    <name>System - JS Async</name>
    <author>A. Seboldt</author>
    <creationDate>December 2015</creationDate>
    <copyright></copyright>
    <license>GNU General Public License version 2 or later; see LICENSE.txt</license>
    <authorEmail></authorEmail>
    <authorUrl></authorUrl>
    <version>1.0</version>
    <description>Choose scripts to load asynchronously in the head.</description>
    <files>
        <filename plugin="js_async">js_async.php</filename>
        <filename>index.html</filename>
    </files>
    <config>
        <fields name="params">
            <fieldset name="basic">
                <field name="file_names" type="text"
                       description="List file names to load asynchronously. You can also use a keyword to identify files. Separate multiple names or keywords with a comma."
                       label="File Name(s)"
                       size="50"
                />
            </fieldset>
        </fields>
    </config>
</extension>